{
  "name": "biscuit",
  "abstract": "A fast bitmap-based index for PostgreSQL",
  "description": "biscuit provides efficient bitmap-based searching with deterministic results.",
  "version": "2.1.2",
  "maintainer": [ "Sivaprasad Murali <sivaprasad.off@gmail.com>" ],
  "license": "mit",
  "provides": {
    "biscuit": {
      "file": "sql/biscuit--1.0.sql",
      "docfile": "README.md",
      "version": "2.1.2"
    }
  },
  "tags": [
    "bitmap",
    "indexing",
    "search",
    "like",
    "pattern",
    "matching",
    "wildcard",
    "deterministic"
  ],
  "release_status": "stable",
  "resources": {
    "repository": {
      "url": "https://github.com/crystallinecore/biscuit",
      "web": "https://github.com/crystallinecore/biscuit",
      "type": "git"
    }
  },
  "x_requires": {
    "PostgreSQL": ">=12.0"
  },
  "meta-spec": {
    "version": "1.0.0",
    "url": "https://pgxn.org/meta/spec.txt"
  }
}
