{
  "name": "biscuit",
  "abstract": "A bitmap index optimized for LIKE and ILIKE wildcard pattern matching in PostgreSQL",
  "description": "biscuit is a PostgreSQL index access method that accelerates LIKE and ILIKE wildcard pattern matching using in-memory bitmap indexing. It is designed for deterministic, case-insensitive, and multi-column pattern searches, complementing B-tree and pg_trgm indexes rather than replacing them.",
  "version": "2.1.3",
  "maintainer": [
    "Sivaprasad Murali <sivaprasad.off@gmail.com>"
  ],
  "license": "mit",
  "provides": {
    "biscuit": {
      "file": "sql/biscuit--1.0.sql",
      "docfile": "README.md",
      "version": "2.1.3"
    }
  },
  "tags": [
    "bitmap",
    "bitmap-index",
    "indexing",
    "search",
    "like",
    "ilike",
    "pattern-matching",
    "wildcard",
    "text-search",
    "multi-column",
    "deterministic",
    "postgresql-extension"
  ],
  "release_status": "stable",
  "resources": {
    "homepage": "https://github.com/crystallinecore/biscuit",
    "repository": {
      "url": "https://github.com/crystallinecore/biscuit",
      "web": "https://github.com/crystallinecore/biscuit",
      "type": "git"
    }
  },
  "x_requires": {
    "PostgreSQL": ">=12.0"
  },
  "meta-spec": {
    "version": "1.0.0",
    "url": "https://pgxn.org/meta/spec.txt"
  }
}
